1a5e934078c292bb1969691ec575c95e;Exploit
578c64120e41a062f4a920b4d3f615d6;Downloader
b73a421b3d705e67423995ff745bc985;Dropper
982ce0aa6048ffdeb68a9ebc66d8f5de;Dropper
fe0cffdc4c35caa92faf430a3d22eb56;Exploit
530f2d0b50908a491fbb40f684134dee;Downloader
56898417fd740a118ea8685458319057;Exploit
71aedfad5aac13c7f53c8cdd64e96217;Dropper
fe0cffdc4c35caa92faf430a3d2ceb56;Exploit
530f2d0b50908a491fbb40f6848c4dee;Downloader
56898417fd740a168ea8685458319057;Exploit
71aedfad5aac13c7f52c8cdd64e96217;Dropper